Name,Address,Phone,Website,Email
Precise Plumbing & Heating,"354 Front St, Staten Island, NY 10304, USA",(718) 909-9640,https://www.preciseplumbingny.com/,preciseplumbing@yahoo.com
Richmond Plumbing and Heating Co,"318 Clove Rd, Staten Island, NY 10310, USA",(718) 273-7970,https://richmondplumbingny.com/,
PowerFlo Sewer Service,"2277 Victory Blvd, Staten Island, NY 10314, USA",(718) 448-7500,http://www.powerflosewerservice.com/,
Platinum Plumbing & Heating,"66 Broad St, Staten Island, NY 10304, USA",,http://www.platinumplumbingny.com/,
Capital Contracting Plumbing & Heating Corporation,"260 Pulaski Ave, Staten Island, NY 10303, USA",(718) 815-9093,http://www.capitalplumbingsi.com/,
"P.A.C. Plumbing, Heating, & A/C","545 Port Richmond Ave, Staten Island, NY 10302, USA",(718) 568-8482,http://pac-plumbing.com/,
RK Plumbing & HVAC Services LLC,"1885 Hylan Blvd, Staten Island, NY 10305, USA",(646) 361-5867,https://rkplumbingstatenisland.com/,rkmechanical20@gmail.com
All Under Plumbing & Heating Corp.,"944 S Railroad Ave, Staten Island, NY 10306, USA",(646) 808-6732,https://allunderplumbing.com/,allunderplumbing@gmail.com
KCM Plumbing & Heating Corporation,"198 Pulaski Ave, Staten Island, NY 10303, USA",(718) 556-0600,http://kcmplumbing.us/,
R. McGlynn Plumbing Corp.,"851 Forest Ave, Staten Island, NY 10310, USA",(718) 981-3684,https://www.rmcglynnplumbing.com/,
J.P.'s Plumbing & Heating Corp.,"116 Linnet St, Bayonne, NJ 07002, USA",(201) 436-0900,,
Hammond Plumbing & Drain Cleaning,"295 Oakland Ave, Staten Island, NY 10310, USA",(347) 508-8206,https://hammondplumbingglendale.com/,
Rapid Rooter And Plumbing NY,"36 Greeley Ave, Staten Island, NY 10306, USA",(917) 932-6253,http://rapidrooterny.com/,
Everclear Sewer & Drain Cleaning Staten Island,"455 Livermore Ave, Staten Island, NY 10314, USA",(917) 200-2123,https://everclearseweranddrain.com/,
All Day Plumbing and Flood Service,"38 Victory Blvd, Staten Island, NY 10301, USA",(347) 518-8862,,
Island piping and heating services,"173 Chandler Ave, Staten Island, NY 10314, USA",(718) 650-8730,http://www.islandpipingandheating.com/,
Richmond Construction and Plumbing Associates,"1725 Richmond Ter, Staten Island, NY 10310, USA",(718) 720-7700,http://www.richmondconstructionplumbing.com/,
Spartakus Plumbing & Heating Inc.,"150 Clove Rd # D, Staten Island, NY 10310, USA",(718) 720-3344,http://spartakusplumbing.com/,
Sinani Piping & Heating,"736 N Railroad Ave, Staten Island, NY 10304, USA",(347) 330-6189,https://sinaniphcorp.org/,sinaniphcorp@gmail.com
Richmond Plumbing and Heating Co,"318 Clove Rd, Staten Island, NY 10310, USA",(718) 273-7970,https://richmondplumbingny.com/,
PowerFlo Sewer Service,"2277 Victory Blvd, Staten Island, NY 10314, USA",(718) 448-7500,http://www.powerflosewerservice.com/,
All Pro Sewer & Drain Services,"472 Wild Ave, Staten Island, NY 10314, USA",(716) 437-2467,https://cleanstatenislandsewage.com/,
"P.A.C. Plumbing, Heating, & A/C","545 Port Richmond Ave, Staten Island, NY 10302, USA",(718) 568-8482,http://pac-plumbing.com/,
Platinum Plumbing & Heating,"66 Broad St, Staten Island, NY 10304, USA",,http://www.platinumplumbingny.com/,
RK Plumbing & HVAC Services LLC,"1885 Hylan Blvd, Staten Island, NY 10305, USA",(646) 361-5867,https://rkplumbingstatenisland.com/,rkmechanical20@gmail.com
Capital Contracting Plumbing & Heating Corporation,"260 Pulaski Ave, Staten Island, NY 10303, USA",(718) 815-9093,http://www.capitalplumbingsi.com/,
J.P.'s Plumbing & Heating Corp.,"116 Linnet St, Bayonne, NJ 07002, USA",(201) 436-0900,,
Everclear Sewer & Drain Cleaning Staten Island,"455 Livermore Ave, Staten Island, NY 10314, USA",(917) 200-2123,https://everclearseweranddrain.com/,
RR Plumbing Roto-Rooter,"280 Meredith Ave, Staten Island, NY 10314, USA",(718) 485-7269,https://www.rotorooter.com/statenislandny/?utm_source=Google&utm_medium=organic&utm_campaign=gmb&utm_content=website,
All Under Plumbing & Heating Corp.,"944 S Railroad Ave, Staten Island, NY 10306, USA",(646) 808-6732,https://allunderplumbing.com/,allunderplumbing@gmail.com
Hammond Plumbing & Drain Cleaning,"295 Oakland Ave, Staten Island, NY 10310, USA",(347) 508-8206,https://hammondplumbingglendale.com/,
R. McGlynn Plumbing Corp.,"851 Forest Ave, Staten Island, NY 10310, USA",(718) 981-3684,https://www.rmcglynnplumbing.com/,
KCM Plumbing & Heating Corporation,"198 Pulaski Ave, Staten Island, NY 10303, USA",(718) 556-0600,http://kcmplumbing.us/,
Staten Island Plumbing Heating & Air Conditioning,"2550 Richmond Ave, Staten Island, NY 10314, USA",(718) 966-8600,https://siplumbing.com/?utm_source=google&utm_medium=organic&utm_campaign=Google%20My%20Business%20Page,help@siplumbing.com
Island piping and heating services,"173 Chandler Ave, Staten Island, NY 10314, USA",(718) 650-8730,http://www.islandpipingandheating.com/,
Sinani Piping & Heating,"736 N Railroad Ave, Staten Island, NY 10304, USA",(347) 330-6189,https://sinaniphcorp.org/,sinaniphcorp@gmail.com
"Tristar Plumbing & Heating, Corp","2860 Richmond Ter, Staten Island, NY 10303, USA",(347) 305-6538,https://www.tristarplumbing.net/,
Elizabeth Sewer & Drains Co,"1 S Front St, Elizabeth, NJ 07202, USA",(908) 977-9094,,
All Day Plumbing and Flood Service,"38 Victory Blvd, Staten Island, NY 10301, USA",(347) 518-8862,,
Richmond Plumbing and Heating Co,"318 Clove Rd, Staten Island, NY 10310, USA",(718) 273-7970,https://richmondplumbingny.com/,
PowerFlo Sewer Service,"2277 Victory Blvd, Staten Island, NY 10314, USA",(718) 448-7500,http://www.powerflosewerservice.com/,
"P.A.C. Plumbing, Heating, & A/C","545 Port Richmond Ave, Staten Island, NY 10302, USA",(718) 568-8482,http://pac-plumbing.com/,
Capital Contracting Plumbing & Heating Corporation,"260 Pulaski Ave, Staten Island, NY 10303, USA",(718) 815-9093,http://www.capitalplumbingsi.com/,
Grand Plumber Elizabeth,"1157 Elizabeth Ave, Elizabeth, NJ 07201, USA",(908) 201-1371,http://grandplumberselizabeth.com/,jakeev718@yahoo.com
All Pro Sewer & Drain Services,"472 Wild Ave, Staten Island, NY 10314, USA",(716) 437-2467,https://cleanstatenislandsewage.com/,
RR Plumbing Roto-Rooter,"280 Meredith Ave, Staten Island, NY 10314, USA",(718) 485-7269,https://www.rotorooter.com/statenislandny/?utm_source=Google&utm_medium=organic&utm_campaign=gmb&utm_content=website,
KCM Plumbing & Heating Corporation,"198 Pulaski Ave, Staten Island, NY 10303, USA",(718) 556-0600,http://kcmplumbing.us/,
R. McGlynn Plumbing Corp.,"851 Forest Ave, Staten Island, NY 10310, USA",(718) 981-3684,https://www.rmcglynnplumbing.com/,
J.P.'s Plumbing & Heating Corp.,"116 Linnet St, Bayonne, NJ 07002, USA",(201) 436-0900,,
Hammond Plumbing & Drain Cleaning,"295 Oakland Ave, Staten Island, NY 10310, USA",(347) 508-8206,https://hammondplumbingglendale.com/,
Everclear Sewer & Drain Cleaning Staten Island,"455 Livermore Ave, Staten Island, NY 10314, USA",(917) 200-2123,https://everclearseweranddrain.com/,
Staten Island Plumbing Heating & Air Conditioning,"2550 Richmond Ave, Staten Island, NY 10314, USA",(718) 966-8600,https://siplumbing.com/?utm_source=google&utm_medium=organic&utm_campaign=Google%20My%20Business%20Page,help@siplumbing.com
Island piping and heating services,"173 Chandler Ave, Staten Island, NY 10314, USA",(718) 650-8730,http://www.islandpipingandheating.com/,
145 Any Drain,"12 Sayre St Unit 1, Elizabeth, NJ 07208, USA",(908) 986-8110,,
Richmond Construction and Plumbing Associates,"1725 Richmond Ter, Staten Island, NY 10310, USA",(718) 720-7700,http://www.richmondconstructionplumbing.com/,
Spartakus Plumbing & Heating Inc.,"150 Clove Rd # D, Staten Island, NY 10310, USA",(718) 720-3344,http://spartakusplumbing.com/,
Regal Plumbers,"27-33 Jefferson Ave #2, Elizabeth, NJ 07201, USA",(908) 365-1035,https://regalplumbers.com/elizabeth-nj,info@regalplumbers.com
Precise Plumbing & Heating,"354 Front St, Staten Island, NY 10304, USA",(718) 909-9640,https://www.preciseplumbingny.com/,preciseplumbing@yahoo.com
Richmond Plumbing and Heating Co,"318 Clove Rd, Staten Island, NY 10310, USA",(718) 273-7970,https://richmondplumbingny.com/,
PowerFlo Sewer Service,"2277 Victory Blvd, Staten Island, NY 10314, USA",(718) 448-7500,http://www.powerflosewerservice.com/,
Platinum Plumbing & Heating,"66 Broad St, Staten Island, NY 10304, USA",,http://www.platinumplumbingny.com/,
Capital Contracting Plumbing & Heating Corporation,"260 Pulaski Ave, Staten Island, NY 10303, USA",(718) 815-9093,http://www.capitalplumbingsi.com/,
"P.A.C. Plumbing, Heating, & A/C","545 Port Richmond Ave, Staten Island, NY 10302, USA",(718) 568-8482,http://pac-plumbing.com/,
RK Plumbing & HVAC Services LLC,"1885 Hylan Blvd, Staten Island, NY 10305, USA",(646) 361-5867,https://rkplumbingstatenisland.com/,rkmechanical20@gmail.com
All Under Plumbing & Heating Corp.,"944 S Railroad Ave, Staten Island, NY 10306, USA",(646) 808-6732,https://allunderplumbing.com/,allunderplumbing@gmail.com
KCM Plumbing & Heating Corporation,"198 Pulaski Ave, Staten Island, NY 10303, USA",(718) 556-0600,http://kcmplumbing.us/,
R. McGlynn Plumbing Corp.,"851 Forest Ave, Staten Island, NY 10310, USA",(718) 981-3684,https://www.rmcglynnplumbing.com/,
J.P.'s Plumbing & Heating Corp.,"116 Linnet St, Bayonne, NJ 07002, USA",(201) 436-0900,,
Hammond Plumbing & Drain Cleaning,"295 Oakland Ave, Staten Island, NY 10310, USA",(347) 508-8206,https://hammondplumbingglendale.com/,
Rapid Rooter And Plumbing NY,"36 Greeley Ave, Staten Island, NY 10306, USA",(917) 932-6253,http://rapidrooterny.com/,
Everclear Sewer & Drain Cleaning Staten Island,"455 Livermore Ave, Staten Island, NY 10314, USA",(917) 200-2123,https://everclearseweranddrain.com/,
All Day Plumbing and Flood Service,"38 Victory Blvd, Staten Island, NY 10301, USA",(347) 518-8862,,
Island piping and heating services,"173 Chandler Ave, Staten Island, NY 10314, USA",(718) 650-8730,http://www.islandpipingandheating.com/,
Richmond Construction and Plumbing Associates,"1725 Richmond Ter, Staten Island, NY 10310, USA",(718) 720-7700,http://www.richmondconstructionplumbing.com/,
Spartakus Plumbing & Heating Inc.,"150 Clove Rd # D, Staten Island, NY 10310, USA",(718) 720-3344,http://spartakusplumbing.com/,
Precise Plumbing & Heating,"354 Front St, Staten Island, NY 10304, USA",(718) 909-9640,https://www.preciseplumbingny.com/,preciseplumbing@yahoo.com
Richmond Plumbing and Heating Co,"318 Clove Rd, Staten Island, NY 10310, USA",(718) 273-7970,https://richmondplumbingny.com/,
SCP Plumbing Brooklyn,"408 77th St #146, Brooklyn, NY 11209, USA",(332) 223-5651,,
Platinum Plumbing & Heating,"66 Broad St, Staten Island, NY 10304, USA",,http://www.platinumplumbingny.com/,
RK Plumbing & HVAC Services LLC,"1885 Hylan Blvd, Staten Island, NY 10305, USA",(646) 361-5867,https://rkplumbingstatenisland.com/,rkmechanical20@gmail.com
PowerFlo Sewer Service,"2277 Victory Blvd, Staten Island, NY 10314, USA",(718) 448-7500,http://www.powerflosewerservice.com/,
NYC Plumbing Heating Drain Cleaning,"8317 3rd Ave, Brooklyn, NY 11209, USA",(917) 379-6727,http://nyc-hvacplumbing.com/,
Benj Plumbing,"8214 3rd Ave Unit 2R, Brooklyn, NY 11209, USA",(347) 610-5319,https://www.benjplumbing.com/,info@benjplumbing.com
All Under Plumbing & Heating Corp.,"944 S Railroad Ave, Staten Island, NY 10306, USA",(646) 808-6732,https://allunderplumbing.com/,allunderplumbing@gmail.com
Buildwise Plumbing Heating & Contracting,"9004 5th Ave Office #5, Brooklyn, NY 11209, USA",(917) 268-3144,https://buildwisemasterplumbing.com/,chosen-sprite@2x.png
R. McGlynn Plumbing Corp.,"851 Forest Ave, Staten Island, NY 10310, USA",(718) 981-3684,https://www.rmcglynnplumbing.com/,
Hammond Plumbing & Drain Cleaning,"295 Oakland Ave, Staten Island, NY 10310, USA",(347) 508-8206,https://hammondplumbingglendale.com/,
Rapid Rooter And Plumbing NY,"36 Greeley Ave, Staten Island, NY 10306, USA",(917) 932-6253,http://rapidrooterny.com/,
All Day Plumbing and Flood Service,"38 Victory Blvd, Staten Island, NY 10301, USA",(347) 518-8862,,
Island piping and heating services,"173 Chandler Ave, Staten Island, NY 10314, USA",(718) 650-8730,http://www.islandpipingandheating.com/,
Everclear Sewer & Drain Cleaning Staten Island,"455 Livermore Ave, Staten Island, NY 10314, USA",(917) 200-2123,https://everclearseweranddrain.com/,
Spartakus Plumbing & Heating Inc.,"150 Clove Rd # D, Staten Island, NY 10310, USA",(718) 720-3344,http://spartakusplumbing.com/,
Richmond Construction and Plumbing Associates,"1725 Richmond Ter, Staten Island, NY 10310, USA",(718) 720-7700,http://www.richmondconstructionplumbing.com/,
Sinani Piping & Heating,"736 N Railroad Ave, Staten Island, NY 10304, USA",(347) 330-6189,https://sinaniphcorp.org/,sinaniphcorp@gmail.com
RK Plumbing & HVAC Services LLC,"1885 Hylan Blvd, Staten Island, NY 10305, USA",(646) 361-5867,https://rkplumbingstatenisland.com/,rkmechanical20@gmail.com
Plumbing Sewer & Water Main,"2845 Richmond Ave, Staten Island, NY 10314, USA",(718) 619-0807,https://plumbingsewerdrainservice.com/,plumbingsewerdrainservice@gmail.com
Main Plumbing Staten Island,"4434 Amboy Rd #200, Staten Island, NY 10312, USA",(347) 929-4453,,
All Under Plumbing & Heating Corp.,"944 S Railroad Ave, Staten Island, NY 10306, USA",(646) 808-6732,https://allunderplumbing.com/,allunderplumbing@gmail.com
Rapid Rooter And Plumbing NY,"36 Greeley Ave, Staten Island, NY 10306, USA",(917) 932-6253,http://rapidrooterny.com/,
Staten Island Plumbing Heating & Air Conditioning,"2550 Richmond Ave, Staten Island, NY 10314, USA",(718) 966-8600,https://siplumbing.com/?utm_source=google&utm_medium=organic&utm_campaign=Google%20My%20Business%20Page,help@siplumbing.com
Sinani Piping & Heating,"736 N Railroad Ave, Staten Island, NY 10304, USA",(347) 330-6189,https://sinaniphcorp.org/,sinaniphcorp@gmail.com
Command Plumbing Inc.,"305 Amboy Ave, Woodbridge, NJ 07095, USA",(908) 810-1115,http://www.commandplumbingcorp.com/,info@commandplumbingcorp.com
NJ Pipe Doctor,"234 Main St, Woodbridge, NJ 07095, USA",(732) 631-3534,https://www.njpipedr.com/?utm_campaign=gmb&utm_source=+gbp+woodbridge,service@njpipedr.com
King Arthur Plumbing Heating & Air Conditioning,"69 New St, Woodbridge, NJ 07095, USA",(732) 734-1350,http://kingarthurplumbing.com/locations/plumber-woodbridge-nj/,info@kingarthurplumbing.com
Just For You Plumbing and Heating,"495 Raritan St #114, Sayreville, NJ 08872, USA",(732) 641-6165,https://justforyouplumbers.com/sayreville-nj/,m@tidakada.com
iR Plumbing,"2420 Arthur Kill Rd, Staten Island, NY 10309, USA",(718) 737-8466,http://irplumbing.net/,innovativerenovationllc@gmail.com
"AAA-Able Plumbing, Heating, & Drain Cleaning","1 4th St, South Orange Village, NJ 07079, USA",(866) 758-6200,http://aaa-ableplumbing.com/,
Quality Plumbers Perth Amboy,"461 New Brunswick Ave, Perth Amboy, NJ 08861, USA",(732) 896-9024,,
Essential Plumbing & Heating LLC,"97 Storer Ave, Staten Island, NY 10309, USA",(718) 984-5500,https://www.essentialplumbingnyc.com/,Essentialplumbingnyc@gmail.com
Scaran,"6767 Amboy Rd, Staten Island, NY 10309, USA",(347) 588-0415,https://www.scaran.com/?utm_source=gbp&utm_medium=organic,
Craig's Plumbing & Heating,"275 New Brunswick Ave, Fords, NJ 08863, USA",(732) 738-5656,https://www.craigsplumbingnj.com/,office@lehmanindustriesnj.com
Metro Sewer Service LLC,"18 Covington Cir, Staten Island, NY 10312, USA",(347) 962-1076,http://metrosewerservice.com/,metrohouseinspections@gmail.com
"Gatti Plumbing, Heating and Drain Cleaning LLC","153 Main St, Madison, NJ 07940, USA",(201) 365-7444,https://www.gattiplumbingnj.com/,
J Bacsoka Plumbing & Heating,"60 Miara St, Parlin, NJ 08859, USA",(732) 727-0014,http://www.jimbacsokaplumbing.net/,
Jvd Rooter,"15 Gould Pl, West Caldwell, NJ 07006, USA",(866) 777-9010,https://www.jvdrooter.com/home,jvdrooter@gmail.com
Leucadia Plumbing,"8 Johnson St Unit 139, Staten Island, NY 10309, USA",(718) 456-9346,https://leucadiaplumbingco.com/,doran@leucadiaplumbingco.com
PlumbGenX Plumbing & Heating Contractors LLC.,"249 2nd St, South Amboy, NJ 08879, USA",(732) 713-1097,,
Genuine Plumbing & Heating,"50 Androvette St, Staten Island, NY 10309, USA",(718) 605-6201,http://www.genuineplumbing.net/,
RJ Bruno,"26 Johnson St, Staten Island, NY 10309, USA",(646) 670-1116,http://rjbrunoinc.com/,%22info@rjbnyc.com%22
3D Mechanical,"17 Osborne Pl, West Orange, NJ 07052, USA",(917) 231-5550,,
A and E Mechanical Corp.,"26 Richmond Valley Rd, Staten Island, NY 10309, USA",(347) 838-6868,http://www.aeplumbers.com/,info@aeplumbers.com
ANA Mechanical Contractors LLC,"511 Cary St, City of Orange, NJ 07050, USA",(973) 458-1130,,
Roto-Rooter Plumbing & Water Cleanup,"438 Lawton Pl #1, Perth Amboy, NJ 08861, USA",(732) 826-0305,https://www.rotorooter.com/perthamboynj/?utm_source=Google&utm_medium=organic&utm_campaign=gmb&utm_content=website,
Prestige Plumbing & Heating Inc.,"26 Johnson St, Staten Island, NY 10309, USA",(718) 447-8358,https://prestigeplumbersinc.com/,
"Argent Plumbing, Heating & Air Conditioning","162 South St, New Providence, NJ 07974, USA",(908) 624-9901,https://www.argentplumbingnj.com/?utm_source=GMB&utm_campaign=New%20Providence,
O S Dunigan & Co,"153 Grove St, Woodbridge, NJ 07095, USA",(732) 634-0630,https://www.duniganplumbingnj.com/,
"Burlew Mechanical, LLC","Munck Professional Building, 110 Main St, South Amboy, NJ 08879, USA",(732) 217-1571,,
Ron's Flofree Sewer Cleaning,"64 Helene Ct, Staten Island, NY 10309, USA",(718) 356-6851,,
Alison Plumbing & Heating,"7378 Amboy Rd Ste 3, Staten Island, NY 10307, USA",(718) 356-7396,http://alisonplumbing.com/,alisonplumbing@aol.com
All Pro Sewer & Drain Services,"472 Wild Ave, Staten Island, NY 10314, USA",(716) 437-2467,https://cleanstatenislandsewage.com/,
RK Plumbing & HVAC Services LLC,"1885 Hylan Blvd, Staten Island, NY 10305, USA",(646) 361-5867,https://rkplumbingstatenisland.com/,rkmechanical20@gmail.com
Plumbing Sewer & Water Main,"2845 Richmond Ave, Staten Island, NY 10314, USA",(718) 619-0807,https://plumbingsewerdrainservice.com/,plumbingsewerdrainservice@gmail.com
Main Plumbing Staten Island,"4434 Amboy Rd #200, Staten Island, NY 10312, USA",(347) 929-4453,,
All Under Plumbing & Heating Corp.,"944 S Railroad Ave, Staten Island, NY 10306, USA",(646) 808-6732,https://allunderplumbing.com/,allunderplumbing@gmail.com
Rapid Rooter And Plumbing NY,"36 Greeley Ave, Staten Island, NY 10306, USA",(917) 932-6253,http://rapidrooterny.com/,
Staten Island Plumbing Heating & Air Conditioning,"2550 Richmond Ave, Staten Island, NY 10314, USA",(718) 966-8600,https://siplumbing.com/?utm_source=google&utm_medium=organic&utm_campaign=Google%20My%20Business%20Page,help@siplumbing.com
Metro Sewer Service LLC,"18 Covington Cir, Staten Island, NY 10312, USA",(347) 962-1076,http://metrosewerservice.com/,metrohouseinspections@gmail.com
Sinani Piping & Heating,"736 N Railroad Ave, Staten Island, NY 10304, USA",(347) 330-6189,https://sinaniphcorp.org/,sinaniphcorp@gmail.com
A Plus Plumbing,"539 Wild Ave, Staten Island, NY 10314, USA",(718) 605-3900,https://aplusplumbingnyc.com/,
Command Plumbing Inc.,"305 Amboy Ave, Woodbridge, NJ 07095, USA",(908) 810-1115,http://www.commandplumbingcorp.com/,info@commandplumbingcorp.com
King Arthur Plumbing Heating & Air Conditioning,"69 New St, Woodbridge, NJ 07095, USA",(732) 734-1350,http://kingarthurplumbing.com/locations/plumber-woodbridge-nj/,info@kingarthurplumbing.com
Plumbing Sewer & Water Main,"2845 Richmond Ave, Staten Island, NY 10314, USA",(718) 619-0807,https://plumbingsewerdrainservice.com/,plumbingsewerdrainservice@gmail.com
Main Plumbing Staten Island,"4434 Amboy Rd #200, Staten Island, NY 10312, USA",(347) 929-4453,,
Quality Plumbers Perth Amboy,"461 New Brunswick Ave, Perth Amboy, NJ 08861, USA",(732) 896-9024,,
Essential Plumbing & Heating LLC,"97 Storer Ave, Staten Island, NY 10309, USA",(718) 984-5500,https://www.essentialplumbingnyc.com/,Essentialplumbingnyc@gmail.com
iR Plumbing,"2420 Arthur Kill Rd, Staten Island, NY 10309, USA",(718) 737-8466,http://irplumbing.net/,innovativerenovationllc@gmail.com
Metro Sewer Service LLC,"18 Covington Cir, Staten Island, NY 10312, USA",(347) 962-1076,http://metrosewerservice.com/,metrohouseinspections@gmail.com
Jvd Rooter,"15 Gould Pl, West Caldwell, NJ 07006, USA",(866) 777-9010,https://www.jvdrooter.com/home,jvdrooter@gmail.com
Scaran,"6767 Amboy Rd, Staten Island, NY 10309, USA",(347) 588-0415,https://www.scaran.com/?utm_source=gbp&utm_medium=organic,
RJ Bruno,"26 Johnson St, Staten Island, NY 10309, USA",(646) 670-1116,http://rjbrunoinc.com/,%22info@rjbnyc.com%22
3D Mechanical,"17 Osborne Pl, West Orange, NJ 07052, USA",(917) 231-5550,,
"Gatti Plumbing, Heating and Drain Cleaning LLC","153 Main St, Madison, NJ 07940, USA",(201) 365-7444,https://www.gattiplumbingnj.com/,
Leucadia Plumbing,"8 Johnson St Unit 139, Staten Island, NY 10309, USA",(718) 456-9346,https://leucadiaplumbingco.com/,doran@leucadiaplumbingco.com
A and E Mechanical Corp.,"26 Richmond Valley Rd, Staten Island, NY 10309, USA",(347) 838-6868,http://www.aeplumbers.com/,info@aeplumbers.com
Genuine Plumbing & Heating,"50 Androvette St, Staten Island, NY 10309, USA",(718) 605-6201,http://www.genuineplumbing.net/,
"Argent Plumbing, Heating & Air Conditioning","162 South St, New Providence, NJ 07974, USA",(908) 624-9901,https://www.argentplumbingnj.com/?utm_source=GMB&utm_campaign=New%20Providence,
Prestige Plumbing & Heating Inc.,"26 Johnson St, Staten Island, NY 10309, USA",(718) 447-8358,https://prestigeplumbersinc.com/,
Precise Plumbing & Heating,"354 Front St, Staten Island, NY 10304, USA",(718) 909-9640,https://www.preciseplumbingny.com/,preciseplumbing@yahoo.com
Richmond Plumbing and Heating Co,"318 Clove Rd, Staten Island, NY 10310, USA",(718) 273-7970,https://richmondplumbingny.com/,
PowerFlo Sewer Service,"2277 Victory Blvd, Staten Island, NY 10314, USA",(718) 448-7500,http://www.powerflosewerservice.com/,
Platinum Plumbing & Heating,"66 Broad St, Staten Island, NY 10304, USA",,http://www.platinumplumbingny.com/,
Capital Contracting Plumbing & Heating Corporation,"260 Pulaski Ave, Staten Island, NY 10303, USA",(718) 815-9093,http://www.capitalplumbingsi.com/,
"P.A.C. Plumbing, Heating, & A/C","545 Port Richmond Ave, Staten Island, NY 10302, USA",(718) 568-8482,http://pac-plumbing.com/,
KCM Plumbing & Heating Corporation,"198 Pulaski Ave, Staten Island, NY 10303, USA",(718) 556-0600,http://kcmplumbing.us/,
R. McGlynn Plumbing Corp.,"851 Forest Ave, Staten Island, NY 10310, USA",(718) 981-3684,https://www.rmcglynnplumbing.com/,
J.P.'s Plumbing & Heating Corp.,"116 Linnet St, Bayonne, NJ 07002, USA",(201) 436-0900,,
Hammond Plumbing & Drain Cleaning,"295 Oakland Ave, Staten Island, NY 10310, USA",(347) 508-8206,https://hammondplumbingglendale.com/,
Everclear Sewer & Drain Cleaning Staten Island,"455 Livermore Ave, Staten Island, NY 10314, USA",(917) 200-2123,https://everclearseweranddrain.com/,
All Day Plumbing and Flood Service,"38 Victory Blvd, Staten Island, NY 10301, USA",(347) 518-8862,,
Island piping and heating services,"173 Chandler Ave, Staten Island, NY 10314, USA",(718) 650-8730,http://www.islandpipingandheating.com/,
Richmond Construction and Plumbing Associates,"1725 Richmond Ter, Staten Island, NY 10310, USA",(718) 720-7700,http://www.richmondconstructionplumbing.com/,
Spartakus Plumbing & Heating Inc.,"150 Clove Rd # D, Staten Island, NY 10310, USA",(718) 720-3344,http://spartakusplumbing.com/,
Staten Island Plumbing Heating & Air Conditioning,"2550 Richmond Ave, Staten Island, NY 10314, USA",(718) 966-8600,https://siplumbing.com/?utm_source=google&utm_medium=organic&utm_campaign=Google%20My%20Business%20Page,help@siplumbing.com
"Tristar Plumbing & Heating, Corp","2860 Richmond Ter, Staten Island, NY 10303, USA",(347) 305-6538,https://www.tristarplumbing.net/,
Pitman Plumbing & Heating,"201 Arlington Ave, Staten Island, NY 10303, USA",(718) 816-8001,,
Richmond Plumbing and Heating Co,"318 Clove Rd, Staten Island, NY 10310, USA",(718) 273-7970,https://richmondplumbingny.com/,
PowerFlo Sewer Service,"2277 Victory Blvd, Staten Island, NY 10314, USA",(718) 448-7500,http://www.powerflosewerservice.com/,
Capital Contracting Plumbing & Heating Corporation,"260 Pulaski Ave, Staten Island, NY 10303, USA",(718) 815-9093,http://www.capitalplumbingsi.com/,
"P.A.C. Plumbing, Heating, & A/C","545 Port Richmond Ave, Staten Island, NY 10302, USA",(718) 568-8482,http://pac-plumbing.com/,
All Pro Sewer & Drain Services,"472 Wild Ave, Staten Island, NY 10314, USA",(716) 437-2467,https://cleanstatenislandsewage.com/,
Plumbing Sewer & Water Main,"2845 Richmond Ave, Staten Island, NY 10314, USA",(718) 619-0807,https://plumbingsewerdrainservice.com/,plumbingsewerdrainservice@gmail.com
RR Plumbing Roto-Rooter,"280 Meredith Ave, Staten Island, NY 10314, USA",(718) 485-7269,https://www.rotorooter.com/statenislandny/?utm_source=Google&utm_medium=organic&utm_campaign=gmb&utm_content=website,
KCM Plumbing & Heating Corporation,"198 Pulaski Ave, Staten Island, NY 10303, USA",(718) 556-0600,http://kcmplumbing.us/,
Everclear Sewer & Drain Cleaning Staten Island,"455 Livermore Ave, Staten Island, NY 10314, USA",(917) 200-2123,https://everclearseweranddrain.com/,
Staten Island Plumbing Heating & Air Conditioning,"2550 Richmond Ave, Staten Island, NY 10314, USA",(718) 966-8600,https://siplumbing.com/?utm_source=google&utm_medium=organic&utm_campaign=Google%20My%20Business%20Page,help@siplumbing.com
Island piping and heating services,"173 Chandler Ave, Staten Island, NY 10314, USA",(718) 650-8730,http://www.islandpipingandheating.com/,
J.P.'s Plumbing & Heating Corp.,"116 Linnet St, Bayonne, NJ 07002, USA",(201) 436-0900,,
Spartakus Plumbing & Heating Inc.,"150 Clove Rd # D, Staten Island, NY 10310, USA",(718) 720-3344,http://spartakusplumbing.com/,
Richmond Construction and Plumbing Associates,"1725 Richmond Ter, Staten Island, NY 10310, USA",(718) 720-7700,http://www.richmondconstructionplumbing.com/,
R. McGlynn Plumbing Corp.,"851 Forest Ave, Staten Island, NY 10310, USA",(718) 981-3684,https://www.rmcglynnplumbing.com/,
"Tristar Plumbing & Heating, Corp","2860 Richmond Ter, Staten Island, NY 10303, USA",(347) 305-6538,https://www.tristarplumbing.net/,
Leon Home Improvement,"51 N Whittier St, Carteret, NJ 07008, USA",(646) 703-8092,https://leonimprovement.com/,
Pitman Plumbing & Heating,"201 Arlington Ave, Staten Island, NY 10303, USA",(718) 816-8001,,
ABR Plumbing Inc,"1933 Richmond Ter, Staten Island, NY 10302, USA",(212) 989-5900,http://www.abrplumbing.com/,contact@abrplumbing.com
All Pro Sewer & Drain Services,"472 Wild Ave, Staten Island, NY 10314, USA",(716) 437-2467,https://cleanstatenislandsewage.com/,
Plumbing Sewer & Water Main,"2845 Richmond Ave, Staten Island, NY 10314, USA",(718) 619-0807,https://plumbingsewerdrainservice.com/,plumbingsewerdrainservice@gmail.com
Main Plumbing Staten Island,"4434 Amboy Rd #200, Staten Island, NY 10312, USA",(347) 929-4453,,
iR Plumbing,"2420 Arthur Kill Rd, Staten Island, NY 10309, USA",(718) 737-8466,http://irplumbing.net/,innovativerenovationllc@gmail.com
Scaran,"6767 Amboy Rd, Staten Island, NY 10309, USA",(347) 588-0415,https://www.scaran.com/?utm_source=gbp&utm_medium=organic,
Essential Plumbing & Heating LLC,"97 Storer Ave, Staten Island, NY 10309, USA",(718) 984-5500,https://www.essentialplumbingnyc.com/,Essentialplumbingnyc@gmail.com
Staten Island Plumbing Heating & Air Conditioning,"2550 Richmond Ave, Staten Island, NY 10314, USA",(718) 966-8600,https://siplumbing.com/?utm_source=google&utm_medium=organic&utm_campaign=Google%20My%20Business%20Page,help@siplumbing.com
Metro Sewer Service LLC,"18 Covington Cir, Staten Island, NY 10312, USA",(347) 962-1076,http://metrosewerservice.com/,metrohouseinspections@gmail.com
Rapid Rooter And Plumbing NY,"36 Greeley Ave, Staten Island, NY 10306, USA",(917) 932-6253,http://rapidrooterny.com/,
Leucadia Plumbing,"8 Johnson St Unit 139, Staten Island, NY 10309, USA",(718) 456-9346,https://leucadiaplumbingco.com/,doran@leucadiaplumbingco.com
RJ Bruno,"26 Johnson St, Staten Island, NY 10309, USA",(646) 670-1116,http://rjbrunoinc.com/,%22info@rjbnyc.com%22
A and E Mechanical Corp.,"26 Richmond Valley Rd, Staten Island, NY 10309, USA",(347) 838-6868,http://www.aeplumbers.com/,info@aeplumbers.com
Leon Home Improvement,"51 N Whittier St, Carteret, NJ 07008, USA",(646) 703-8092,https://leonimprovement.com/,
Prestige Plumbing & Heating Inc.,"26 Johnson St, Staten Island, NY 10309, USA",(718) 447-8358,https://prestigeplumbersinc.com/,
A Plus Plumbing,"539 Wild Ave, Staten Island, NY 10314, USA",(718) 605-3900,https://aplusplumbingnyc.com/,
All Pro Sewer & Drain Services,"472 Wild Ave, Staten Island, NY 10314, USA",(716) 437-2467,https://cleanstatenislandsewage.com/,
RK Plumbing & HVAC Services LLC,"1885 Hylan Blvd, Staten Island, NY 10305, USA",(646) 361-5867,https://rkplumbingstatenisland.com/,rkmechanical20@gmail.com
Plumbing Sewer & Water Main,"2845 Richmond Ave, Staten Island, NY 10314, USA",(718) 619-0807,https://plumbingsewerdrainservice.com/,plumbingsewerdrainservice@gmail.com
Main Plumbing Staten Island,"4434 Amboy Rd #200, Staten Island, NY 10312, USA",(347) 929-4453,,
RR Plumbing Roto-Rooter,"280 Meredith Ave, Staten Island, NY 10314, USA",(718) 485-7269,https://www.rotorooter.com/statenislandny/?utm_source=Google&utm_medium=organic&utm_campaign=gmb&utm_content=website,
All Under Plumbing & Heating Corp.,"944 S Railroad Ave, Staten Island, NY 10306, USA",(646) 808-6732,https://allunderplumbing.com/,allunderplumbing@gmail.com
Rapid Rooter And Plumbing NY,"36 Greeley Ave, Staten Island, NY 10306, USA",(917) 932-6253,http://rapidrooterny.com/,
Staten Island Plumbing Heating & Air Conditioning,"2550 Richmond Ave, Staten Island, NY 10314, USA",(718) 966-8600,https://siplumbing.com/?utm_source=google&utm_medium=organic&utm_campaign=Google%20My%20Business%20Page,help@siplumbing.com
Metro Sewer Service LLC,"18 Covington Cir, Staten Island, NY 10312, USA",(347) 962-1076,http://metrosewerservice.com/,metrohouseinspections@gmail.com
Sinani Piping & Heating,"736 N Railroad Ave, Staten Island, NY 10304, USA",(347) 330-6189,https://sinaniphcorp.org/,sinaniphcorp@gmail.com
A Plus Plumbing,"539 Wild Ave, Staten Island, NY 10314, USA",(718) 605-3900,https://aplusplumbingnyc.com/,
Richmond Plumbing and Heating Co,"318 Clove Rd, Staten Island, NY 10310, USA",(718) 273-7970,https://richmondplumbingny.com/,
PowerFlo Sewer Service,"2277 Victory Blvd, Staten Island, NY 10314, USA",(718) 448-7500,http://www.powerflosewerservice.com/,
All Pro Sewer & Drain Services,"472 Wild Ave, Staten Island, NY 10314, USA",(716) 437-2467,https://cleanstatenislandsewage.com/,
"P.A.C. Plumbing, Heating, & A/C","545 Port Richmond Ave, Staten Island, NY 10302, USA",(718) 568-8482,http://pac-plumbing.com/,
RK Plumbing & HVAC Services LLC,"1885 Hylan Blvd, Staten Island, NY 10305, USA",(646) 361-5867,https://rkplumbingstatenisland.com/,rkmechanical20@gmail.com
Plumbing Sewer & Water Main,"2845 Richmond Ave, Staten Island, NY 10314, USA",(718) 619-0807,https://plumbingsewerdrainservice.com/,plumbingsewerdrainservice@gmail.com
Capital Contracting Plumbing & Heating Corporation,"260 Pulaski Ave, Staten Island, NY 10303, USA",(718) 815-9093,http://www.capitalplumbingsi.com/,
All Under Plumbing & Heating Corp.,"944 S Railroad Ave, Staten Island, NY 10306, USA",(646) 808-6732,https://allunderplumbing.com/,allunderplumbing@gmail.com
Everclear Sewer & Drain Cleaning Staten Island,"455 Livermore Ave, Staten Island, NY 10314, USA",(917) 200-2123,https://everclearseweranddrain.com/,
RR Plumbing Roto-Rooter,"280 Meredith Ave, Staten Island, NY 10314, USA",(718) 485-7269,https://www.rotorooter.com/statenislandny/?utm_source=Google&utm_medium=organic&utm_campaign=gmb&utm_content=website,
Hammond Plumbing & Drain Cleaning,"295 Oakland Ave, Staten Island, NY 10310, USA",(347) 508-8206,https://hammondplumbingglendale.com/,
Metro Sewer Service LLC,"18 Covington Cir, Staten Island, NY 10312, USA",(347) 962-1076,http://metrosewerservice.com/,metrohouseinspections@gmail.com
Main Plumbing Staten Island,"4434 Amboy Rd #200, Staten Island, NY 10312, USA",(347) 929-4453,,
R. McGlynn Plumbing Corp.,"851 Forest Ave, Staten Island, NY 10310, USA",(718) 981-3684,https://www.rmcglynnplumbing.com/,
Rapid Rooter And Plumbing NY,"36 Greeley Ave, Staten Island, NY 10306, USA",(917) 932-6253,http://rapidrooterny.com/,
KCM Plumbing & Heating Corporation,"198 Pulaski Ave, Staten Island, NY 10303, USA",(718) 556-0600,http://kcmplumbing.us/,
Staten Island Plumbing Heating & Air Conditioning,"2550 Richmond Ave, Staten Island, NY 10314, USA",(718) 966-8600,https://siplumbing.com/?utm_source=google&utm_medium=organic&utm_campaign=Google%20My%20Business%20Page,help@siplumbing.com
Island piping and heating services,"173 Chandler Ave, Staten Island, NY 10314, USA",(718) 650-8730,http://www.islandpipingandheating.com/,
Sinani Piping & Heating,"736 N Railroad Ave, Staten Island, NY 10304, USA",(347) 330-6189,https://sinaniphcorp.org/,sinaniphcorp@gmail.com
